cycle,storm,fsu_number,status
2026092412,EPAC,1,ok
2026092412,GREENLAND,19,ok
2026092412,LABRADOR,48,ok
2026092418,EPAC,1,ok
2026092418,GREENLAND,17,ok
2026092418,LABRADOR,40,merged
2026092418,AUTO_260924_01,5,ok
2026092418,AUTO_260924_02,8,ok
2026092418,AUTO_260924_03,,merged
2026092418,AUTO_260924_04,,ok
2026092418,AUTO_260924_05,4,ok
2026092412,AUTO_260924_01,,merged
2026092412,AUTO_260924_02,8,ok
2026092412,AUTO_260924_03,,ok
2026092412,AUTO_260924_04,,ok
2026092412,AUTO_260924_05,4,ok
2026092412,AUTO_260924_06,5,ok
2026092418,AUTO_260924_06,,merged
2026092512,AUTO_260924_03,,merged
2026092512,EPAC,1,ok
2026092512,GREENLAND,13,ok
2026092512,LABRADOR,29,merged
2026092512,AUTO_260924_01,5,ok
2026092512,AUTO_260924_02,8,ok
2026092512,AUTO_260924_04,,ok
2026092512,AUTO_260924_05,4,ok
2026092612,EPAC,1,ok
2026092612,GREENLAND,9,ok
2026092612,LABRADOR,17,ok
2026092612,AUTO_260924_01,4,ok
2026092612,AUTO_260924_02,6,ok
2026092612,AUTO_260924_04,,ok
2026092612,AUTO_260924_05,3,ok
2026092612,AUTO_260926_01,7,ok
2026092712,AUTO_260924_04,,lost
2026092712,EPAC,1,ok
2026092712,GREENLAND,13,ok
2026092712,LABRADOR,13,merged
2026092712,AUTO_260924_01,4,ok
2026092712,AUTO_260924_02,5,ok
2026092712,AUTO_260924_05,3,ok
2026092712,AUTO_260926_01,6,ok
2026092812,GREENLAND,,lost
2026092812,AUTO_260926_01,,lost
2026092812,EPAC,1,ok
2026092812,AUTO_260924_01,4,ok
2026092812,AUTO_260924_02,5,ok
2026092812,AUTO_260924_05,3,ok
2026092912,EPAC,1,ok
2026092912,AUTO_260924_01,4,ok
2026092912,AUTO_260924_02,5,ok
2026092912,AUTO_260924_05,3,ok
2026092912,AUTO_260929_01,,ok
2026092912,AUTO_260929_02,,ok
2026093012,AUTO_260929_02,,lost
2026093012,EPAC,1,ok
2026093012,AUTO_260924_01,,ok
2026093012,AUTO_260924_02,60,ok
2026093012,AUTO_260929_01,12,ok
2026093012,AUTO_260930_01,,ok
2026100112,AUTO_260924_01,,lost
2026100112,EPAC,1,ok
2026100112,AUTO_260924_02,24,ok
2026100112,AUTO_260929_01,6,ok
2026100112,AUTO_260930_01,,ok
2026100112,AUTO_261001_01,5,ok
2026100112,AUTO_261001_02,41,ok
2026100200,EPAC,1,ok
2026100200,WPAC,7,ok
2026100200,AUTO_260929_01,5,ok
2026100200,AUTO_260930_01,39,ok
2026100200,AUTO_261001_01,4,ok
2026100200,AUTO_261001_02,32,ok
2026100212,EPAC,1,ok
2026100212,WPAC,5,ok
2026100212,AUTO_260929_01,3,ok
2026100212,AUTO_260930_01,34,ok
2026100212,AUTO_261001_01,2,ok
2026100212,AUTO_261001_02,52,ok
2026100312,EPAC,1,ok
2026100312,WPAC,4,ok
2026100312,AUTO_260929_01,33,ok
2026100312,AUTO_260930_01,99,ok
2026100312,AUTO_261001_01,2,ok
2026100312,AUTO_261001_02,26,ok
2026100312,AUTO_261003_01,32,ok
2026100312,AUTO_261003_02,162,ok
2026100412,AUTO_261003_02,,lost
2026100412,EPAC,1,ok
2026100412,WPAC,3,ok
2026100412,AUTO_260929_01,19,ok
2026100412,AUTO_260930_01,28,ok
2026100412,AUTO_261001_01,2,ok
2026100412,AUTO_261001_02,13,ok
2026100412,AUTO_261003_01,18,ok
2026100512,EPAC,1,ok
2026100512,WPAC,3,ok
2026100512,AUTO_260929_01,12,ok
2026100512,AUTO_260930_01,17,ok
2026100512,AUTO_261001_01,2,ok
2026100512,AUTO_261001_02,7,ok
2026100512,AUTO_261003_01,11,ok
2026100512,AUTO_261005_01,,merged
2026100612,EPAC,1,ok
2026100612,WPAC,3,ok
2026100612,AUTO_260929_01,40,ok
2026100612,AUTO_260930_01,9,ok
2026100612,AUTO_261001_01,2,ok
2026100612,AUTO_261001_02,,ok
2026100612,AUTO_261003_01,8,ok
2026100612,AUTO_261006_01,33,ok
2026100712,EPAC,1,ok
2026100712,WPAC,3,ok
2026100712,AUTO_260929_01,23,ok
2026100712,AUTO_260930_01,47,ok
2026100712,AUTO_261001_01,2,ok
2026100712,AUTO_261003_01,,ok
2026100712,AUTO_261006_01,18,ok
2026100712,AUTO_261007_01,40,ok
